"Route","Year","Publication Type","york","Open Access","Number of Publications"
"other","2017","article","FALSE","Gold",234
"TA","2017","article","FALSE","Gold",0
"YOAF","2017","article","FALSE","Gold",9
"other","2018","article","FALSE","Gold",254
"TA","2018","article","FALSE","Gold",0
"YOAF","2018","article","FALSE","Gold",13
"other","2019","article","FALSE","Gold",317
"TA","2019","article","FALSE","Gold",0
"YOAF","2019","article","FALSE","Gold",18
"other","2020","article","FALSE","Gold",403
"TA","2020","article","FALSE","Gold",1
"YOAF","2020","article","FALSE","Gold",6
"other","2021","article","FALSE","Gold",481
"TA","2021","article","FALSE","Gold",0
"YOAF","2021","article","FALSE","Gold",17
"other","2022","article","FALSE","Gold",460
"TA","2022","article","FALSE","Gold",3
"YOAF","2022","article","FALSE","Gold",13
"other","2017","book","FALSE","Gold",0
"TA","2017","book","FALSE","Gold",0
"YOAF","2017","book","FALSE","Gold",0
"other","2018","book","FALSE","Gold",0
"TA","2018","book","FALSE","Gold",0
"YOAF","2018","book","FALSE","Gold",0
"other","2019","book","FALSE","Gold",0
"TA","2019","book","FALSE","Gold",0
"YOAF","2019","book","FALSE","Gold",0
"other","2020","book","FALSE","Gold",0
"TA","2020","book","FALSE","Gold",0
"YOAF","2020","book","FALSE","Gold",0
"other","2021","book","FALSE","Gold",0
"TA","2021","book","FALSE","Gold",0
"YOAF","2021","book","FALSE","Gold",0
"other","2022","book","FALSE","Gold",0
"TA","2022","book","FALSE","Gold",0
"YOAF","2022","book","FALSE","Gold",0
"other","2017","book chapter","FALSE","Gold",0
"TA","2017","book chapter","FALSE","Gold",0
"YOAF","2017","book chapter","FALSE","Gold",0
"other","2018","book chapter","FALSE","Gold",0
"TA","2018","book chapter","FALSE","Gold",0
"YOAF","2018","book chapter","FALSE","Gold",0
"other","2019","book chapter","FALSE","Gold",1
"TA","2019","book chapter","FALSE","Gold",0
"YOAF","2019","book chapter","FALSE","Gold",0
"other","2020","book chapter","FALSE","Gold",0
"TA","2020","book chapter","FALSE","Gold",0
"YOAF","2020","book chapter","FALSE","Gold",0
"other","2021","book chapter","FALSE","Gold",0
"TA","2021","book chapter","FALSE","Gold",0
"YOAF","2021","book chapter","FALSE","Gold",0
"other","2022","book chapter","FALSE","Gold",0
"TA","2022","book chapter","FALSE","Gold",0
"YOAF","2022","book chapter","FALSE","Gold",0
"other","2017","conference paper","FALSE","Gold",37
"TA","2017","conference paper","FALSE","Gold",0
"YOAF","2017","conference paper","FALSE","Gold",0
"other","2018","conference paper","FALSE","Gold",11
"TA","2018","conference paper","FALSE","Gold",0
"YOAF","2018","conference paper","FALSE","Gold",0
"other","2019","conference paper","FALSE","Gold",0
"TA","2019","conference paper","FALSE","Gold",0
"YOAF","2019","conference paper","FALSE","Gold",0
"other","2020","conference paper","FALSE","Gold",5
"TA","2020","conference paper","FALSE","Gold",0
"YOAF","2020","conference paper","FALSE","Gold",0
"other","2021","conference paper","FALSE","Gold",2
"TA","2021","conference paper","FALSE","Gold",0
"YOAF","2021","conference paper","FALSE","Gold",0
"other","2022","conference paper","FALSE","Gold",4
"TA","2022","conference paper","FALSE","Gold",0
"YOAF","2022","conference paper","FALSE","Gold",0
"other","2017","data paper","FALSE","Gold",0
"TA","2017","data paper","FALSE","Gold",0
"YOAF","2017","data paper","FALSE","Gold",0
"other","2018","data paper","FALSE","Gold",0
"TA","2018","data paper","FALSE","Gold",0
"YOAF","2018","data paper","FALSE","Gold",0
"other","2019","data paper","FALSE","Gold",3
"TA","2019","data paper","FALSE","Gold",0
"YOAF","2019","data paper","FALSE","Gold",0
"other","2020","data paper","FALSE","Gold",0
"TA","2020","data paper","FALSE","Gold",0
"YOAF","2020","data paper","FALSE","Gold",0
"other","2021","data paper","FALSE","Gold",4
"TA","2021","data paper","FALSE","Gold",0
"YOAF","2021","data paper","FALSE","Gold",0
"other","2022","data paper","FALSE","Gold",5
"TA","2022","data paper","FALSE","Gold",0
"YOAF","2022","data paper","FALSE","Gold",0
"other","2017","editorial","FALSE","Gold",4
"TA","2017","editorial","FALSE","Gold",0
"YOAF","2017","editorial","FALSE","Gold",0
"other","2018","editorial","FALSE","Gold",2
"TA","2018","editorial","FALSE","Gold",0
"YOAF","2018","editorial","FALSE","Gold",0
"other","2019","editorial","FALSE","Gold",2
"TA","2019","editorial","FALSE","Gold",0
"YOAF","2019","editorial","FALSE","Gold",0
"other","2020","editorial","FALSE","Gold",9
"TA","2020","editorial","FALSE","Gold",0
"YOAF","2020","editorial","FALSE","Gold",0
"other","2021","editorial","FALSE","Gold",6
"TA","2021","editorial","FALSE","Gold",0
"YOAF","2021","editorial","FALSE","Gold",0
"other","2022","editorial","FALSE","Gold",8
"TA","2022","editorial","FALSE","Gold",0
"YOAF","2022","editorial","FALSE","Gold",0
"other","2017","letter","FALSE","Gold",4
"TA","2017","letter","FALSE","Gold",0
"YOAF","2017","letter","FALSE","Gold",0
"other","2018","letter","FALSE","Gold",6
"TA","2018","letter","FALSE","Gold",0
"YOAF","2018","letter","FALSE","Gold",0
"other","2019","letter","FALSE","Gold",3
"TA","2019","letter","FALSE","Gold",0
"YOAF","2019","letter","FALSE","Gold",0
"other","2020","letter","FALSE","Gold",6
"TA","2020","letter","FALSE","Gold",0
"YOAF","2020","letter","FALSE","Gold",0
"other","2021","letter","FALSE","Gold",7
"TA","2021","letter","FALSE","Gold",0
"YOAF","2021","letter","FALSE","Gold",0
"other","2022","letter","FALSE","Gold",3
"TA","2022","letter","FALSE","Gold",0
"YOAF","2022","letter","FALSE","Gold",0
"other","2017","note","FALSE","Gold",4
"TA","2017","note","FALSE","Gold",0
"YOAF","2017","note","FALSE","Gold",0
"other","2018","note","FALSE","Gold",4
"TA","2018","note","FALSE","Gold",0
"YOAF","2018","note","FALSE","Gold",0
"other","2019","note","FALSE","Gold",7
"TA","2019","note","FALSE","Gold",0
"YOAF","2019","note","FALSE","Gold",0
"other","2020","note","FALSE","Gold",1
"TA","2020","note","FALSE","Gold",0
"YOAF","2020","note","FALSE","Gold",0
"other","2021","note","FALSE","Gold",5
"TA","2021","note","FALSE","Gold",0
"YOAF","2021","note","FALSE","Gold",0
"other","2022","note","FALSE","Gold",9
"TA","2022","note","FALSE","Gold",0
"YOAF","2022","note","FALSE","Gold",0
"other","2017","review","FALSE","Gold",19
"TA","2017","review","FALSE","Gold",0
"YOAF","2017","review","FALSE","Gold",0
"other","2018","review","FALSE","Gold",29
"TA","2018","review","FALSE","Gold",0
"YOAF","2018","review","FALSE","Gold",0
"other","2019","review","FALSE","Gold",33
"TA","2019","review","FALSE","Gold",0
"YOAF","2019","review","FALSE","Gold",0
"other","2020","review","FALSE","Gold",37
"TA","2020","review","FALSE","Gold",0
"YOAF","2020","review","FALSE","Gold",0
"other","2021","review","FALSE","Gold",46
"TA","2021","review","FALSE","Gold",0
"YOAF","2021","review","FALSE","Gold",3
"other","2022","review","FALSE","Gold",42
"TA","2022","review","FALSE","Gold",0
"YOAF","2022","review","FALSE","Gold",1
"other","2017","short survey","FALSE","Gold",0
"TA","2017","short survey","FALSE","Gold",0
"YOAF","2017","short survey","FALSE","Gold",0
"other","2018","short survey","FALSE","Gold",0
"TA","2018","short survey","FALSE","Gold",0
"YOAF","2018","short survey","FALSE","Gold",0
"other","2019","short survey","FALSE","Gold",0
"TA","2019","short survey","FALSE","Gold",0
"YOAF","2019","short survey","FALSE","Gold",0
"other","2020","short survey","FALSE","Gold",0
"TA","2020","short survey","FALSE","Gold",0
"YOAF","2020","short survey","FALSE","Gold",0
"other","2021","short survey","FALSE","Gold",0
"TA","2021","short survey","FALSE","Gold",0
"YOAF","2021","short survey","FALSE","Gold",0
"other","2022","short survey","FALSE","Gold",0
"TA","2022","short survey","FALSE","Gold",0
"YOAF","2022","short survey","FALSE","Gold",0
"other","2017","article","TRUE","Gold",96
"TA","2017","article","TRUE","Gold",0
"YOAF","2017","article","TRUE","Gold",62
"other","2018","article","TRUE","Gold",101
"TA","2018","article","TRUE","Gold",0
"YOAF","2018","article","TRUE","Gold",60
"other","2019","article","TRUE","Gold",151
"TA","2019","article","TRUE","Gold",0
"YOAF","2019","article","TRUE","Gold",57
"other","2020","article","TRUE","Gold",191
"TA","2020","article","TRUE","Gold",11
"YOAF","2020","article","TRUE","Gold",75
"other","2021","article","TRUE","Gold",199
"TA","2021","article","TRUE","Gold",24
"YOAF","2021","article","TRUE","Gold",67
"other","2022","article","TRUE","Gold",184
"TA","2022","article","TRUE","Gold",39
"YOAF","2022","article","TRUE","Gold",63
"other","2017","book","TRUE","Gold",0
"TA","2017","book","TRUE","Gold",0
"YOAF","2017","book","TRUE","Gold",0
"other","2018","book","TRUE","Gold",0
"TA","2018","book","TRUE","Gold",0
"YOAF","2018","book","TRUE","Gold",0
"other","2019","book","TRUE","Gold",0
"TA","2019","book","TRUE","Gold",0
"YOAF","2019","book","TRUE","Gold",0
"other","2020","book","TRUE","Gold",0
"TA","2020","book","TRUE","Gold",0
"YOAF","2020","book","TRUE","Gold",0
"other","2021","book","TRUE","Gold",0
"TA","2021","book","TRUE","Gold",0
"YOAF","2021","book","TRUE","Gold",0
"other","2022","book","TRUE","Gold",0
"TA","2022","book","TRUE","Gold",0
"YOAF","2022","book","TRUE","Gold",0
"other","2017","book chapter","TRUE","Gold",0
"TA","2017","book chapter","TRUE","Gold",0
"YOAF","2017","book chapter","TRUE","Gold",0
"other","2018","book chapter","TRUE","Gold",0
"TA","2018","book chapter","TRUE","Gold",0
"YOAF","2018","book chapter","TRUE","Gold",0
"other","2019","book chapter","TRUE","Gold",0
"TA","2019","book chapter","TRUE","Gold",0
"YOAF","2019","book chapter","TRUE","Gold",0
"other","2020","book chapter","TRUE","Gold",0
"TA","2020","book chapter","TRUE","Gold",0
"YOAF","2020","book chapter","TRUE","Gold",0
"other","2021","book chapter","TRUE","Gold",0
"TA","2021","book chapter","TRUE","Gold",0
"YOAF","2021","book chapter","TRUE","Gold",0
"other","2022","book chapter","TRUE","Gold",0
"TA","2022","book chapter","TRUE","Gold",0
"YOAF","2022","book chapter","TRUE","Gold",0
"other","2017","conference paper","TRUE","Gold",1
"TA","2017","conference paper","TRUE","Gold",0
"YOAF","2017","conference paper","TRUE","Gold",0
"other","2018","conference paper","TRUE","Gold",2
"TA","2018","conference paper","TRUE","Gold",0
"YOAF","2018","conference paper","TRUE","Gold",0
"other","2019","conference paper","TRUE","Gold",1
"TA","2019","conference paper","TRUE","Gold",0
"YOAF","2019","conference paper","TRUE","Gold",0
"other","2020","conference paper","TRUE","Gold",3
"TA","2020","conference paper","TRUE","Gold",0
"YOAF","2020","conference paper","TRUE","Gold",0
"other","2021","conference paper","TRUE","Gold",1
"TA","2021","conference paper","TRUE","Gold",0
"YOAF","2021","conference paper","TRUE","Gold",0
"other","2022","conference paper","TRUE","Gold",1
"TA","2022","conference paper","TRUE","Gold",0
"YOAF","2022","conference paper","TRUE","Gold",0
"other","2017","data paper","TRUE","Gold",0
"TA","2017","data paper","TRUE","Gold",0
"YOAF","2017","data paper","TRUE","Gold",0
"other","2018","data paper","TRUE","Gold",0
"TA","2018","data paper","TRUE","Gold",0
"YOAF","2018","data paper","TRUE","Gold",0
"other","2019","data paper","TRUE","Gold",0
"TA","2019","data paper","TRUE","Gold",0
"YOAF","2019","data paper","TRUE","Gold",2
"other","2020","data paper","TRUE","Gold",0
"TA","2020","data paper","TRUE","Gold",0
"YOAF","2020","data paper","TRUE","Gold",0
"other","2021","data paper","TRUE","Gold",0
"TA","2021","data paper","TRUE","Gold",0
"YOAF","2021","data paper","TRUE","Gold",0
"other","2022","data paper","TRUE","Gold",0
"TA","2022","data paper","TRUE","Gold",0
"YOAF","2022","data paper","TRUE","Gold",0
"other","2017","editorial","TRUE","Gold",2
"TA","2017","editorial","TRUE","Gold",0
"YOAF","2017","editorial","TRUE","Gold",0
"other","2018","editorial","TRUE","Gold",0
"TA","2018","editorial","TRUE","Gold",0
"YOAF","2018","editorial","TRUE","Gold",0
"other","2019","editorial","TRUE","Gold",1
"TA","2019","editorial","TRUE","Gold",0
"YOAF","2019","editorial","TRUE","Gold",0
"other","2020","editorial","TRUE","Gold",9
"TA","2020","editorial","TRUE","Gold",0
"YOAF","2020","editorial","TRUE","Gold",0
"other","2021","editorial","TRUE","Gold",4
"TA","2021","editorial","TRUE","Gold",0
"YOAF","2021","editorial","TRUE","Gold",0
"other","2022","editorial","TRUE","Gold",11
"TA","2022","editorial","TRUE","Gold",0
"YOAF","2022","editorial","TRUE","Gold",0
"other","2017","letter","TRUE","Gold",4
"TA","2017","letter","TRUE","Gold",0
"YOAF","2017","letter","TRUE","Gold",0
"other","2018","letter","TRUE","Gold",1
"TA","2018","letter","TRUE","Gold",0
"YOAF","2018","letter","TRUE","Gold",0
"other","2019","letter","TRUE","Gold",1
"TA","2019","letter","TRUE","Gold",0
"YOAF","2019","letter","TRUE","Gold",0
"other","2020","letter","TRUE","Gold",2
"TA","2020","letter","TRUE","Gold",0
"YOAF","2020","letter","TRUE","Gold",0
"other","2021","letter","TRUE","Gold",1
"TA","2021","letter","TRUE","Gold",0
"YOAF","2021","letter","TRUE","Gold",1
"other","2022","letter","TRUE","Gold",2
"TA","2022","letter","TRUE","Gold",0
"YOAF","2022","letter","TRUE","Gold",0
"other","2017","note","TRUE","Gold",3
"TA","2017","note","TRUE","Gold",0
"YOAF","2017","note","TRUE","Gold",0
"other","2018","note","TRUE","Gold",3
"TA","2018","note","TRUE","Gold",0
"YOAF","2018","note","TRUE","Gold",0
"other","2019","note","TRUE","Gold",3
"TA","2019","note","TRUE","Gold",0
"YOAF","2019","note","TRUE","Gold",0
"other","2020","note","TRUE","Gold",5
"TA","2020","note","TRUE","Gold",0
"YOAF","2020","note","TRUE","Gold",0
"other","2021","note","TRUE","Gold",3
"TA","2021","note","TRUE","Gold",0
"YOAF","2021","note","TRUE","Gold",2
"other","2022","note","TRUE","Gold",2
"TA","2022","note","TRUE","Gold",0
"YOAF","2022","note","TRUE","Gold",0
"other","2017","review","TRUE","Gold",12
"TA","2017","review","TRUE","Gold",0
"YOAF","2017","review","TRUE","Gold",5
"other","2018","review","TRUE","Gold",12
"TA","2018","review","TRUE","Gold",0
"YOAF","2018","review","TRUE","Gold",1
"other","2019","review","TRUE","Gold",17
"TA","2019","review","TRUE","Gold",0
"YOAF","2019","review","TRUE","Gold",4
"other","2020","review","TRUE","Gold",28
"TA","2020","review","TRUE","Gold",0
"YOAF","2020","review","TRUE","Gold",6
"other","2021","review","TRUE","Gold",18
"TA","2021","review","TRUE","Gold",5
"YOAF","2021","review","TRUE","Gold",6
"other","2022","review","TRUE","Gold",35
"TA","2022","review","TRUE","Gold",3
"YOAF","2022","review","TRUE","Gold",3
"other","2017","short survey","TRUE","Gold",0
"TA","2017","short survey","TRUE","Gold",0
"YOAF","2017","short survey","TRUE","Gold",1
"other","2018","short survey","TRUE","Gold",0
"TA","2018","short survey","TRUE","Gold",0
"YOAF","2018","short survey","TRUE","Gold",1
"other","2019","short survey","TRUE","Gold",0
"TA","2019","short survey","TRUE","Gold",0
"YOAF","2019","short survey","TRUE","Gold",0
"other","2020","short survey","TRUE","Gold",0
"TA","2020","short survey","TRUE","Gold",0
"YOAF","2020","short survey","TRUE","Gold",0
"other","2021","short survey","TRUE","Gold",0
"TA","2021","short survey","TRUE","Gold",0
"YOAF","2021","short survey","TRUE","Gold",0
"other","2022","short survey","TRUE","Gold",0
"TA","2022","short survey","TRUE","Gold",0
"YOAF","2022","short survey","TRUE","Gold",0
"other","2017","article","FALSE","Green",579
"TA","2017","article","FALSE","Green",0
"YOAF","2017","article","FALSE","Green",0
"other","2018","article","FALSE","Green",618
"TA","2018","article","FALSE","Green",0
"YOAF","2018","article","FALSE","Green",0
"other","2019","article","FALSE","Green",651
"TA","2019","article","FALSE","Green",0
"YOAF","2019","article","FALSE","Green",0
"other","2020","article","FALSE","Green",600
"TA","2020","article","FALSE","Green",0
"YOAF","2020","article","FALSE","Green",0
"other","2021","article","FALSE","Green",542
"TA","2021","article","FALSE","Green",0
"YOAF","2021","article","FALSE","Green",0
"other","2022","article","FALSE","Green",369
"TA","2022","article","FALSE","Green",0
"YOAF","2022","article","FALSE","Green",0
"other","2017","book","FALSE","Green",5
"TA","2017","book","FALSE","Green",0
"YOAF","2017","book","FALSE","Green",0
"other","2018","book","FALSE","Green",9
"TA","2018","book","FALSE","Green",0
"YOAF","2018","book","FALSE","Green",0
"other","2019","book","FALSE","Green",10
"TA","2019","book","FALSE","Green",0
"YOAF","2019","book","FALSE","Green",0
"other","2020","book","FALSE","Green",4
"TA","2020","book","FALSE","Green",0
"YOAF","2020","book","FALSE","Green",0
"other","2021","book","FALSE","Green",4
"TA","2021","book","FALSE","Green",0
"YOAF","2021","book","FALSE","Green",0
"other","2022","book","FALSE","Green",3
"TA","2022","book","FALSE","Green",0
"YOAF","2022","book","FALSE","Green",0
"other","2017","book chapter","FALSE","Green",17
"TA","2017","book chapter","FALSE","Green",0
"YOAF","2017","book chapter","FALSE","Green",0
"other","2018","book chapter","FALSE","Green",31
"TA","2018","book chapter","FALSE","Green",0
"YOAF","2018","book chapter","FALSE","Green",0
"other","2019","book chapter","FALSE","Green",15
"TA","2019","book chapter","FALSE","Green",0
"YOAF","2019","book chapter","FALSE","Green",0
"other","2020","book chapter","FALSE","Green",10
"TA","2020","book chapter","FALSE","Green",0
"YOAF","2020","book chapter","FALSE","Green",0
"other","2021","book chapter","FALSE","Green",4
"TA","2021","book chapter","FALSE","Green",0
"YOAF","2021","book chapter","FALSE","Green",0
"other","2022","book chapter","FALSE","Green",4
"TA","2022","book chapter","FALSE","Green",0
"YOAF","2022","book chapter","FALSE","Green",0
"other","2017","conference paper","FALSE","Green",104
"TA","2017","conference paper","FALSE","Green",0
"YOAF","2017","conference paper","FALSE","Green",0
"other","2018","conference paper","FALSE","Green",106
"TA","2018","conference paper","FALSE","Green",0
"YOAF","2018","conference paper","FALSE","Green",0
"other","2019","conference paper","FALSE","Green",117
"TA","2019","conference paper","FALSE","Green",0
"YOAF","2019","conference paper","FALSE","Green",0
"other","2020","conference paper","FALSE","Green",101
"TA","2020","conference paper","FALSE","Green",0
"YOAF","2020","conference paper","FALSE","Green",0
"other","2021","conference paper","FALSE","Green",72
"TA","2021","conference paper","FALSE","Green",0
"YOAF","2021","conference paper","FALSE","Green",0
"other","2022","conference paper","FALSE","Green",60
"TA","2022","conference paper","FALSE","Green",0
"YOAF","2022","conference paper","FALSE","Green",0
"other","2017","data paper","FALSE","Green",0
"TA","2017","data paper","FALSE","Green",0
"YOAF","2017","data paper","FALSE","Green",0
"other","2018","data paper","FALSE","Green",0
"TA","2018","data paper","FALSE","Green",0
"YOAF","2018","data paper","FALSE","Green",0
"other","2019","data paper","FALSE","Green",0
"TA","2019","data paper","FALSE","Green",0
"YOAF","2019","data paper","FALSE","Green",0
"other","2020","data paper","FALSE","Green",0
"TA","2020","data paper","FALSE","Green",0
"YOAF","2020","data paper","FALSE","Green",0
"other","2021","data paper","FALSE","Green",1
"TA","2021","data paper","FALSE","Green",0
"YOAF","2021","data paper","FALSE","Green",0
"other","2022","data paper","FALSE","Green",0
"TA","2022","data paper","FALSE","Green",0
"YOAF","2022","data paper","FALSE","Green",0
"other","2017","editorial","FALSE","Green",7
"TA","2017","editorial","FALSE","Green",0
"YOAF","2017","editorial","FALSE","Green",0
"other","2018","editorial","FALSE","Green",13
"TA","2018","editorial","FALSE","Green",0
"YOAF","2018","editorial","FALSE","Green",0
"other","2019","editorial","FALSE","Green",13
"TA","2019","editorial","FALSE","Green",0
"YOAF","2019","editorial","FALSE","Green",0
"other","2020","editorial","FALSE","Green",11
"TA","2020","editorial","FALSE","Green",0
"YOAF","2020","editorial","FALSE","Green",0
"other","2021","editorial","FALSE","Green",9
"TA","2021","editorial","FALSE","Green",0
"YOAF","2021","editorial","FALSE","Green",0
"other","2022","editorial","FALSE","Green",6
"TA","2022","editorial","FALSE","Green",0
"YOAF","2022","editorial","FALSE","Green",0
"other","2017","letter","FALSE","Green",11
"TA","2017","letter","FALSE","Green",0
"YOAF","2017","letter","FALSE","Green",0
"other","2018","letter","FALSE","Green",10
"TA","2018","letter","FALSE","Green",0
"YOAF","2018","letter","FALSE","Green",0
"other","2019","letter","FALSE","Green",18
"TA","2019","letter","FALSE","Green",0
"YOAF","2019","letter","FALSE","Green",0
"other","2020","letter","FALSE","Green",14
"TA","2020","letter","FALSE","Green",0
"YOAF","2020","letter","FALSE","Green",0
"other","2021","letter","FALSE","Green",10
"TA","2021","letter","FALSE","Green",0
"YOAF","2021","letter","FALSE","Green",0
"other","2022","letter","FALSE","Green",7
"TA","2022","letter","FALSE","Green",0
"YOAF","2022","letter","FALSE","Green",0
"other","2017","note","FALSE","Green",10
"TA","2017","note","FALSE","Green",0
"YOAF","2017","note","FALSE","Green",0
"other","2018","note","FALSE","Green",10
"TA","2018","note","FALSE","Green",0
"YOAF","2018","note","FALSE","Green",0
"other","2019","note","FALSE","Green",11
"TA","2019","note","FALSE","Green",0
"YOAF","2019","note","FALSE","Green",0
"other","2020","note","FALSE","Green",16
"TA","2020","note","FALSE","Green",0
"YOAF","2020","note","FALSE","Green",0
"other","2021","note","FALSE","Green",8
"TA","2021","note","FALSE","Green",0
"YOAF","2021","note","FALSE","Green",0
"other","2022","note","FALSE","Green",11
"TA","2022","note","FALSE","Green",0
"YOAF","2022","note","FALSE","Green",0
"other","2017","review","FALSE","Green",61
"TA","2017","review","FALSE","Green",0
"YOAF","2017","review","FALSE","Green",0
"other","2018","review","FALSE","Green",71
"TA","2018","review","FALSE","Green",0
"YOAF","2018","review","FALSE","Green",0
"other","2019","review","FALSE","Green",74
"TA","2019","review","FALSE","Green",0
"YOAF","2019","review","FALSE","Green",0
"other","2020","review","FALSE","Green",82
"TA","2020","review","FALSE","Green",0
"YOAF","2020","review","FALSE","Green",0
"other","2021","review","FALSE","Green",88
"TA","2021","review","FALSE","Green",0
"YOAF","2021","review","FALSE","Green",0
"other","2022","review","FALSE","Green",57
"TA","2022","review","FALSE","Green",0
"YOAF","2022","review","FALSE","Green",0
"other","2017","short survey","FALSE","Green",0
"TA","2017","short survey","FALSE","Green",0
"YOAF","2017","short survey","FALSE","Green",0
"other","2018","short survey","FALSE","Green",2
"TA","2018","short survey","FALSE","Green",0
"YOAF","2018","short survey","FALSE","Green",0
"other","2019","short survey","FALSE","Green",3
"TA","2019","short survey","FALSE","Green",0
"YOAF","2019","short survey","FALSE","Green",0
"other","2020","short survey","FALSE","Green",1
"TA","2020","short survey","FALSE","Green",0
"YOAF","2020","short survey","FALSE","Green",0
"other","2021","short survey","FALSE","Green",0
"TA","2021","short survey","FALSE","Green",0
"YOAF","2021","short survey","FALSE","Green",0
"other","2022","short survey","FALSE","Green",0
"TA","2022","short survey","FALSE","Green",0
"YOAF","2022","short survey","FALSE","Green",0
"other","2017","article","TRUE","Green",350
"TA","2017","article","TRUE","Green",0
"YOAF","2017","article","TRUE","Green",0
"other","2018","article","TRUE","Green",374
"TA","2018","article","TRUE","Green",0
"YOAF","2018","article","TRUE","Green",0
"other","2019","article","TRUE","Green",407
"TA","2019","article","TRUE","Green",0
"YOAF","2019","article","TRUE","Green",0
"other","2020","article","TRUE","Green",321
"TA","2020","article","TRUE","Green",0
"YOAF","2020","article","TRUE","Green",0
"other","2021","article","TRUE","Green",282
"TA","2021","article","TRUE","Green",0
"YOAF","2021","article","TRUE","Green",0
"other","2022","article","TRUE","Green",170
"TA","2022","article","TRUE","Green",0
"YOAF","2022","article","TRUE","Green",0
"other","2017","book","TRUE","Green",0
"TA","2017","book","TRUE","Green",0
"YOAF","2017","book","TRUE","Green",0
"other","2018","book","TRUE","Green",1
"TA","2018","book","TRUE","Green",0
"YOAF","2018","book","TRUE","Green",0
"other","2019","book","TRUE","Green",1
"TA","2019","book","TRUE","Green",0
"YOAF","2019","book","TRUE","Green",0
"other","2020","book","TRUE","Green",0
"TA","2020","book","TRUE","Green",0
"YOAF","2020","book","TRUE","Green",0
"other","2021","book","TRUE","Green",2
"TA","2021","book","TRUE","Green",0
"YOAF","2021","book","TRUE","Green",0
"other","2022","book","TRUE","Green",0
"TA","2022","book","TRUE","Green",0
"YOAF","2022","book","TRUE","Green",0
"other","2017","book chapter","TRUE","Green",2
"TA","2017","book chapter","TRUE","Green",0
"YOAF","2017","book chapter","TRUE","Green",0
"other","2018","book chapter","TRUE","Green",9
"TA","2018","book chapter","TRUE","Green",0
"YOAF","2018","book chapter","TRUE","Green",0
"other","2019","book chapter","TRUE","Green",5
"TA","2019","book chapter","TRUE","Green",0
"YOAF","2019","book chapter","TRUE","Green",0
"other","2020","book chapter","TRUE","Green",3
"TA","2020","book chapter","TRUE","Green",0
"YOAF","2020","book chapter","TRUE","Green",0
"other","2021","book chapter","TRUE","Green",4
"TA","2021","book chapter","TRUE","Green",0
"YOAF","2021","book chapter","TRUE","Green",0
"other","2022","book chapter","TRUE","Green",8
"TA","2022","book chapter","TRUE","Green",0
"YOAF","2022","book chapter","TRUE","Green",0
"other","2017","conference paper","TRUE","Green",30
"TA","2017","conference paper","TRUE","Green",0
"YOAF","2017","conference paper","TRUE","Green",0
"other","2018","conference paper","TRUE","Green",36
"TA","2018","conference paper","TRUE","Green",0
"YOAF","2018","conference paper","TRUE","Green",0
"other","2019","conference paper","TRUE","Green",26
"TA","2019","conference paper","TRUE","Green",0
"YOAF","2019","conference paper","TRUE","Green",0
"other","2020","conference paper","TRUE","Green",24
"TA","2020","conference paper","TRUE","Green",0
"YOAF","2020","conference paper","TRUE","Green",0
"other","2021","conference paper","TRUE","Green",19
"TA","2021","conference paper","TRUE","Green",0
"YOAF","2021","conference paper","TRUE","Green",0
"other","2022","conference paper","TRUE","Green",18
"TA","2022","conference paper","TRUE","Green",0
"YOAF","2022","conference paper","TRUE","Green",0
"other","2017","data paper","TRUE","Green",0
"TA","2017","data paper","TRUE","Green",0
"YOAF","2017","data paper","TRUE","Green",0
"other","2018","data paper","TRUE","Green",0
"TA","2018","data paper","TRUE","Green",0
"YOAF","2018","data paper","TRUE","Green",0
"other","2019","data paper","TRUE","Green",0
"TA","2019","data paper","TRUE","Green",0
"YOAF","2019","data paper","TRUE","Green",0
"other","2020","data paper","TRUE","Green",0
"TA","2020","data paper","TRUE","Green",0
"YOAF","2020","data paper","TRUE","Green",0
"other","2021","data paper","TRUE","Green",0
"TA","2021","data paper","TRUE","Green",0
"YOAF","2021","data paper","TRUE","Green",0
"other","2022","data paper","TRUE","Green",0
"TA","2022","data paper","TRUE","Green",0
"YOAF","2022","data paper","TRUE","Green",0
"other","2017","editorial","TRUE","Green",11
"TA","2017","editorial","TRUE","Green",0
"YOAF","2017","editorial","TRUE","Green",0
"other","2018","editorial","TRUE","Green",4
"TA","2018","editorial","TRUE","Green",0
"YOAF","2018","editorial","TRUE","Green",0
"other","2019","editorial","TRUE","Green",19
"TA","2019","editorial","TRUE","Green",0
"YOAF","2019","editorial","TRUE","Green",0
"other","2020","editorial","TRUE","Green",16
"TA","2020","editorial","TRUE","Green",0
"YOAF","2020","editorial","TRUE","Green",0
"other","2021","editorial","TRUE","Green",13
"TA","2021","editorial","TRUE","Green",0
"YOAF","2021","editorial","TRUE","Green",0
"other","2022","editorial","TRUE","Green",2
"TA","2022","editorial","TRUE","Green",0
"YOAF","2022","editorial","TRUE","Green",0
"other","2017","letter","TRUE","Green",9
"TA","2017","letter","TRUE","Green",0
"YOAF","2017","letter","TRUE","Green",0
"other","2018","letter","TRUE","Green",7
"TA","2018","letter","TRUE","Green",0
"YOAF","2018","letter","TRUE","Green",0
"other","2019","letter","TRUE","Green",4
"TA","2019","letter","TRUE","Green",0
"YOAF","2019","letter","TRUE","Green",0
"other","2020","letter","TRUE","Green",5
"TA","2020","letter","TRUE","Green",0
"YOAF","2020","letter","TRUE","Green",0
"other","2021","letter","TRUE","Green",9
"TA","2021","letter","TRUE","Green",0
"YOAF","2021","letter","TRUE","Green",0
"other","2022","letter","TRUE","Green",2
"TA","2022","letter","TRUE","Green",0
"YOAF","2022","letter","TRUE","Green",0
"other","2017","note","TRUE","Green",6
"TA","2017","note","TRUE","Green",0
"YOAF","2017","note","TRUE","Green",0
"other","2018","note","TRUE","Green",7
"TA","2018","note","TRUE","Green",0
"YOAF","2018","note","TRUE","Green",0
"other","2019","note","TRUE","Green",7
"TA","2019","note","TRUE","Green",0
"YOAF","2019","note","TRUE","Green",0
"other","2020","note","TRUE","Green",5
"TA","2020","note","TRUE","Green",0
"YOAF","2020","note","TRUE","Green",0
"other","2021","note","TRUE","Green",5
"TA","2021","note","TRUE","Green",0
"YOAF","2021","note","TRUE","Green",0
"other","2022","note","TRUE","Green",2
"TA","2022","note","TRUE","Green",0
"YOAF","2022","note","TRUE","Green",0
"other","2017","review","TRUE","Green",54
"TA","2017","review","TRUE","Green",0
"YOAF","2017","review","TRUE","Green",0
"other","2018","review","TRUE","Green",57
"TA","2018","review","TRUE","Green",0
"YOAF","2018","review","TRUE","Green",0
"other","2019","review","TRUE","Green",59
"TA","2019","review","TRUE","Green",0
"YOAF","2019","review","TRUE","Green",0
"other","2020","review","TRUE","Green",48
"TA","2020","review","TRUE","Green",0
"YOAF","2020","review","TRUE","Green",0
"other","2021","review","TRUE","Green",46
"TA","2021","review","TRUE","Green",0
"YOAF","2021","review","TRUE","Green",0
"other","2022","review","TRUE","Green",24
"TA","2022","review","TRUE","Green",0
"YOAF","2022","review","TRUE","Green",0
"other","2017","short survey","TRUE","Green",0
"TA","2017","short survey","TRUE","Green",0
"YOAF","2017","short survey","TRUE","Green",0
"other","2018","short survey","TRUE","Green",1
"TA","2018","short survey","TRUE","Green",0
"YOAF","2018","short survey","TRUE","Green",0
"other","2019","short survey","TRUE","Green",3
"TA","2019","short survey","TRUE","Green",0
"YOAF","2019","short survey","TRUE","Green",0
"other","2020","short survey","TRUE","Green",1
"TA","2020","short survey","TRUE","Green",0
"YOAF","2020","short survey","TRUE","Green",0
"other","2021","short survey","TRUE","Green",0
"TA","2021","short survey","TRUE","Green",0
"YOAF","2021","short survey","TRUE","Green",0
"other","2022","short survey","TRUE","Green",0
"TA","2022","short survey","TRUE","Green",0
"YOAF","2022","short survey","TRUE","Green",0
"other","2017","article","FALSE","Hybrid Gold",158
"TA","2017","article","FALSE","Hybrid Gold",1
"YOAF","2017","article","FALSE","Hybrid Gold",35
"other","2018","article","FALSE","Hybrid Gold",169
"TA","2018","article","FALSE","Hybrid Gold",3
"YOAF","2018","article","FALSE","Hybrid Gold",36
"other","2019","article","FALSE","Hybrid Gold",185
"TA","2019","article","FALSE","Hybrid Gold",3
"YOAF","2019","article","FALSE","Hybrid Gold",24
"other","2020","article","FALSE","Hybrid Gold",235
"TA","2020","article","FALSE","Hybrid Gold",13
"YOAF","2020","article","FALSE","Hybrid Gold",27
"other","2021","article","FALSE","Hybrid Gold",292
"TA","2021","article","FALSE","Hybrid Gold",15
"YOAF","2021","article","FALSE","Hybrid Gold",3
"other","2022","article","FALSE","Hybrid Gold",345
"TA","2022","article","FALSE","Hybrid Gold",31
"YOAF","2022","article","FALSE","Hybrid Gold",5
"other","2017","book","FALSE","Hybrid Gold",0
"TA","2017","book","FALSE","Hybrid Gold",0
"YOAF","2017","book","FALSE","Hybrid Gold",0
"other","2018","book","FALSE","Hybrid Gold",0
"TA","2018","book","FALSE","Hybrid Gold",0
"YOAF","2018","book","FALSE","Hybrid Gold",0
"other","2019","book","FALSE","Hybrid Gold",0
"TA","2019","book","FALSE","Hybrid Gold",0
"YOAF","2019","book","FALSE","Hybrid Gold",0
"other","2020","book","FALSE","Hybrid Gold",0
"TA","2020","book","FALSE","Hybrid Gold",0
"YOAF","2020","book","FALSE","Hybrid Gold",0
"other","2021","book","FALSE","Hybrid Gold",0
"TA","2021","book","FALSE","Hybrid Gold",0
"YOAF","2021","book","FALSE","Hybrid Gold",0
"other","2022","book","FALSE","Hybrid Gold",0
"TA","2022","book","FALSE","Hybrid Gold",0
"YOAF","2022","book","FALSE","Hybrid Gold",0
"other","2017","book chapter","FALSE","Hybrid Gold",1
"TA","2017","book chapter","FALSE","Hybrid Gold",0
"YOAF","2017","book chapter","FALSE","Hybrid Gold",0
"other","2018","book chapter","FALSE","Hybrid Gold",0
"TA","2018","book chapter","FALSE","Hybrid Gold",0
"YOAF","2018","book chapter","FALSE","Hybrid Gold",0
"other","2019","book chapter","FALSE","Hybrid Gold",0
"TA","2019","book chapter","FALSE","Hybrid Gold",0
"YOAF","2019","book chapter","FALSE","Hybrid Gold",0
"other","2020","book chapter","FALSE","Hybrid Gold",4
"TA","2020","book chapter","FALSE","Hybrid Gold",0
"YOAF","2020","book chapter","FALSE","Hybrid Gold",0
"other","2021","book chapter","FALSE","Hybrid Gold",3
"TA","2021","book chapter","FALSE","Hybrid Gold",0
"YOAF","2021","book chapter","FALSE","Hybrid Gold",0
"other","2022","book chapter","FALSE","Hybrid Gold",3
"TA","2022","book chapter","FALSE","Hybrid Gold",0
"YOAF","2022","book chapter","FALSE","Hybrid Gold",0
"other","2017","conference paper","FALSE","Hybrid Gold",9
"TA","2017","conference paper","FALSE","Hybrid Gold",0
"YOAF","2017","conference paper","FALSE","Hybrid Gold",2
"other","2018","conference paper","FALSE","Hybrid Gold",4
"TA","2018","conference paper","FALSE","Hybrid Gold",0
"YOAF","2018","conference paper","FALSE","Hybrid Gold",5
"other","2019","conference paper","FALSE","Hybrid Gold",3
"TA","2019","conference paper","FALSE","Hybrid Gold",0
"YOAF","2019","conference paper","FALSE","Hybrid Gold",5
"other","2020","conference paper","FALSE","Hybrid Gold",3
"TA","2020","conference paper","FALSE","Hybrid Gold",1
"YOAF","2020","conference paper","FALSE","Hybrid Gold",2
"other","2021","conference paper","FALSE","Hybrid Gold",3
"TA","2021","conference paper","FALSE","Hybrid Gold",1
"YOAF","2021","conference paper","FALSE","Hybrid Gold",0
"other","2022","conference paper","FALSE","Hybrid Gold",2
"TA","2022","conference paper","FALSE","Hybrid Gold",0
"YOAF","2022","conference paper","FALSE","Hybrid Gold",0
"other","2017","data paper","FALSE","Hybrid Gold",0
"TA","2017","data paper","FALSE","Hybrid Gold",0
"YOAF","2017","data paper","FALSE","Hybrid Gold",0
"other","2018","data paper","FALSE","Hybrid Gold",0
"TA","2018","data paper","FALSE","Hybrid Gold",0
"YOAF","2018","data paper","FALSE","Hybrid Gold",0
"other","2019","data paper","FALSE","Hybrid Gold",0
"TA","2019","data paper","FALSE","Hybrid Gold",0
"YOAF","2019","data paper","FALSE","Hybrid Gold",0
"other","2020","data paper","FALSE","Hybrid Gold",0
"TA","2020","data paper","FALSE","Hybrid Gold",0
"YOAF","2020","data paper","FALSE","Hybrid Gold",0
"other","2021","data paper","FALSE","Hybrid Gold",0
"TA","2021","data paper","FALSE","Hybrid Gold",0
"YOAF","2021","data paper","FALSE","Hybrid Gold",0
"other","2022","data paper","FALSE","Hybrid Gold",0
"TA","2022","data paper","FALSE","Hybrid Gold",0
"YOAF","2022","data paper","FALSE","Hybrid Gold",0
"other","2017","editorial","FALSE","Hybrid Gold",0
"TA","2017","editorial","FALSE","Hybrid Gold",0
"YOAF","2017","editorial","FALSE","Hybrid Gold",0
"other","2018","editorial","FALSE","Hybrid Gold",4
"TA","2018","editorial","FALSE","Hybrid Gold",0
"YOAF","2018","editorial","FALSE","Hybrid Gold",0
"other","2019","editorial","FALSE","Hybrid Gold",1
"TA","2019","editorial","FALSE","Hybrid Gold",0
"YOAF","2019","editorial","FALSE","Hybrid Gold",0
"other","2020","editorial","FALSE","Hybrid Gold",1
"TA","2020","editorial","FALSE","Hybrid Gold",0
"YOAF","2020","editorial","FALSE","Hybrid Gold",0
"other","2021","editorial","FALSE","Hybrid Gold",3
"TA","2021","editorial","FALSE","Hybrid Gold",0
"YOAF","2021","editorial","FALSE","Hybrid Gold",0
"other","2022","editorial","FALSE","Hybrid Gold",2
"TA","2022","editorial","FALSE","Hybrid Gold",0
"YOAF","2022","editorial","FALSE","Hybrid Gold",0
"other","2017","letter","FALSE","Hybrid Gold",0
"TA","2017","letter","FALSE","Hybrid Gold",0
"YOAF","2017","letter","FALSE","Hybrid Gold",0
"other","2018","letter","FALSE","Hybrid Gold",0
"TA","2018","letter","FALSE","Hybrid Gold",0
"YOAF","2018","letter","FALSE","Hybrid Gold",0
"other","2019","letter","FALSE","Hybrid Gold",0
"TA","2019","letter","FALSE","Hybrid Gold",0
"YOAF","2019","letter","FALSE","Hybrid Gold",0
"other","2020","letter","FALSE","Hybrid Gold",1
"TA","2020","letter","FALSE","Hybrid Gold",0
"YOAF","2020","letter","FALSE","Hybrid Gold",0
"other","2021","letter","FALSE","Hybrid Gold",3
"TA","2021","letter","FALSE","Hybrid Gold",0
"YOAF","2021","letter","FALSE","Hybrid Gold",0
"other","2022","letter","FALSE","Hybrid Gold",2
"TA","2022","letter","FALSE","Hybrid Gold",0
"YOAF","2022","letter","FALSE","Hybrid Gold",0
"other","2017","note","FALSE","Hybrid Gold",2
"TA","2017","note","FALSE","Hybrid Gold",0
"YOAF","2017","note","FALSE","Hybrid Gold",1
"other","2018","note","FALSE","Hybrid Gold",2
"TA","2018","note","FALSE","Hybrid Gold",0
"YOAF","2018","note","FALSE","Hybrid Gold",1
"other","2019","note","FALSE","Hybrid Gold",0
"TA","2019","note","FALSE","Hybrid Gold",1
"YOAF","2019","note","FALSE","Hybrid Gold",0
"other","2020","note","FALSE","Hybrid Gold",3
"TA","2020","note","FALSE","Hybrid Gold",0
"YOAF","2020","note","FALSE","Hybrid Gold",1
"other","2021","note","FALSE","Hybrid Gold",4
"TA","2021","note","FALSE","Hybrid Gold",0
"YOAF","2021","note","FALSE","Hybrid Gold",1
"other","2022","note","FALSE","Hybrid Gold",2
"TA","2022","note","FALSE","Hybrid Gold",0
"YOAF","2022","note","FALSE","Hybrid Gold",0
"other","2017","review","FALSE","Hybrid Gold",17
"TA","2017","review","FALSE","Hybrid Gold",1
"YOAF","2017","review","FALSE","Hybrid Gold",3
"other","2018","review","FALSE","Hybrid Gold",20
"TA","2018","review","FALSE","Hybrid Gold",2
"YOAF","2018","review","FALSE","Hybrid Gold",3
"other","2019","review","FALSE","Hybrid Gold",31
"TA","2019","review","FALSE","Hybrid Gold",1
"YOAF","2019","review","FALSE","Hybrid Gold",1
"other","2020","review","FALSE","Hybrid Gold",30
"TA","2020","review","FALSE","Hybrid Gold",2
"YOAF","2020","review","FALSE","Hybrid Gold",0
"other","2021","review","FALSE","Hybrid Gold",39
"TA","2021","review","FALSE","Hybrid Gold",3
"YOAF","2021","review","FALSE","Hybrid Gold",1
"other","2022","review","FALSE","Hybrid Gold",42
"TA","2022","review","FALSE","Hybrid Gold",4
"YOAF","2022","review","FALSE","Hybrid Gold",0
"other","2017","short survey","FALSE","Hybrid Gold",0
"TA","2017","short survey","FALSE","Hybrid Gold",0
"YOAF","2017","short survey","FALSE","Hybrid Gold",1
"other","2018","short survey","FALSE","Hybrid Gold",0
"TA","2018","short survey","FALSE","Hybrid Gold",0
"YOAF","2018","short survey","FALSE","Hybrid Gold",0
"other","2019","short survey","FALSE","Hybrid Gold",0
"TA","2019","short survey","FALSE","Hybrid Gold",0
"YOAF","2019","short survey","FALSE","Hybrid Gold",0
"other","2020","short survey","FALSE","Hybrid Gold",2
"TA","2020","short survey","FALSE","Hybrid Gold",0
"YOAF","2020","short survey","FALSE","Hybrid Gold",0
"other","2021","short survey","FALSE","Hybrid Gold",0
"TA","2021","short survey","FALSE","Hybrid Gold",0
"YOAF","2021","short survey","FALSE","Hybrid Gold",0
"other","2022","short survey","FALSE","Hybrid Gold",0
"TA","2022","short survey","FALSE","Hybrid Gold",0
"YOAF","2022","short survey","FALSE","Hybrid Gold",0
"other","2017","article","TRUE","Hybrid Gold",46
"TA","2017","article","TRUE","Hybrid Gold",37
"YOAF","2017","article","TRUE","Hybrid Gold",79
"other","2018","article","TRUE","Hybrid Gold",63
"TA","2018","article","TRUE","Hybrid Gold",54
"YOAF","2018","article","TRUE","Hybrid Gold",103
"other","2019","article","TRUE","Hybrid Gold",53
"TA","2019","article","TRUE","Hybrid Gold",44
"YOAF","2019","article","TRUE","Hybrid Gold",104
"other","2020","article","TRUE","Hybrid Gold",61
"TA","2020","article","TRUE","Hybrid Gold",120
"YOAF","2020","article","TRUE","Hybrid Gold",87
"other","2021","article","TRUE","Hybrid Gold",68
"TA","2021","article","TRUE","Hybrid Gold",213
"YOAF","2021","article","TRUE","Hybrid Gold",54
"other","2022","article","TRUE","Hybrid Gold",63
"TA","2022","article","TRUE","Hybrid Gold",405
"YOAF","2022","article","TRUE","Hybrid Gold",18
"other","2017","book","TRUE","Hybrid Gold",0
"TA","2017","book","TRUE","Hybrid Gold",0
"YOAF","2017","book","TRUE","Hybrid Gold",0
"other","2018","book","TRUE","Hybrid Gold",0
"TA","2018","book","TRUE","Hybrid Gold",0
"YOAF","2018","book","TRUE","Hybrid Gold",0
"other","2019","book","TRUE","Hybrid Gold",0
"TA","2019","book","TRUE","Hybrid Gold",0
"YOAF","2019","book","TRUE","Hybrid Gold",0
"other","2020","book","TRUE","Hybrid Gold",0
"TA","2020","book","TRUE","Hybrid Gold",0
"YOAF","2020","book","TRUE","Hybrid Gold",0
"other","2021","book","TRUE","Hybrid Gold",0
"TA","2021","book","TRUE","Hybrid Gold",0
"YOAF","2021","book","TRUE","Hybrid Gold",0
"other","2022","book","TRUE","Hybrid Gold",0
"TA","2022","book","TRUE","Hybrid Gold",0
"YOAF","2022","book","TRUE","Hybrid Gold",0
"other","2017","book chapter","TRUE","Hybrid Gold",0
"TA","2017","book chapter","TRUE","Hybrid Gold",0
"YOAF","2017","book chapter","TRUE","Hybrid Gold",0
"other","2018","book chapter","TRUE","Hybrid Gold",1
"TA","2018","book chapter","TRUE","Hybrid Gold",0
"YOAF","2018","book chapter","TRUE","Hybrid Gold",0
"other","2019","book chapter","TRUE","Hybrid Gold",0
"TA","2019","book chapter","TRUE","Hybrid Gold",0
"YOAF","2019","book chapter","TRUE","Hybrid Gold",0
"other","2020","book chapter","TRUE","Hybrid Gold",4
"TA","2020","book chapter","TRUE","Hybrid Gold",0
"YOAF","2020","book chapter","TRUE","Hybrid Gold",1
"other","2021","book chapter","TRUE","Hybrid Gold",3
"TA","2021","book chapter","TRUE","Hybrid Gold",0
"YOAF","2021","book chapter","TRUE","Hybrid Gold",0
"other","2022","book chapter","TRUE","Hybrid Gold",0
"TA","2022","book chapter","TRUE","Hybrid Gold",0
"YOAF","2022","book chapter","TRUE","Hybrid Gold",0
"other","2017","conference paper","TRUE","Hybrid Gold",1
"TA","2017","conference paper","TRUE","Hybrid Gold",0
"YOAF","2017","conference paper","TRUE","Hybrid Gold",0
"other","2018","conference paper","TRUE","Hybrid Gold",4
"TA","2018","conference paper","TRUE","Hybrid Gold",0
"YOAF","2018","conference paper","TRUE","Hybrid Gold",2
"other","2019","conference paper","TRUE","Hybrid Gold",0
"TA","2019","conference paper","TRUE","Hybrid Gold",0
"YOAF","2019","conference paper","TRUE","Hybrid Gold",0
"other","2020","conference paper","TRUE","Hybrid Gold",1
"TA","2020","conference paper","TRUE","Hybrid Gold",0
"YOAF","2020","conference paper","TRUE","Hybrid Gold",2
"other","2021","conference paper","TRUE","Hybrid Gold",1
"TA","2021","conference paper","TRUE","Hybrid Gold",0
"YOAF","2021","conference paper","TRUE","Hybrid Gold",0
"other","2022","conference paper","TRUE","Hybrid Gold",0
"TA","2022","conference paper","TRUE","Hybrid Gold",0
"YOAF","2022","conference paper","TRUE","Hybrid Gold",0
"other","2017","data paper","TRUE","Hybrid Gold",0
"TA","2017","data paper","TRUE","Hybrid Gold",0
"YOAF","2017","data paper","TRUE","Hybrid Gold",0
"other","2018","data paper","TRUE","Hybrid Gold",0
"TA","2018","data paper","TRUE","Hybrid Gold",0
"YOAF","2018","data paper","TRUE","Hybrid Gold",0
"other","2019","data paper","TRUE","Hybrid Gold",0
"TA","2019","data paper","TRUE","Hybrid Gold",0
"YOAF","2019","data paper","TRUE","Hybrid Gold",0
"other","2020","data paper","TRUE","Hybrid Gold",0
"TA","2020","data paper","TRUE","Hybrid Gold",0
"YOAF","2020","data paper","TRUE","Hybrid Gold",0
"other","2021","data paper","TRUE","Hybrid Gold",0
"TA","2021","data paper","TRUE","Hybrid Gold",0
"YOAF","2021","data paper","TRUE","Hybrid Gold",0
"other","2022","data paper","TRUE","Hybrid Gold",0
"TA","2022","data paper","TRUE","Hybrid Gold",0
"YOAF","2022","data paper","TRUE","Hybrid Gold",0
"other","2017","editorial","TRUE","Hybrid Gold",0
"TA","2017","editorial","TRUE","Hybrid Gold",0
"YOAF","2017","editorial","TRUE","Hybrid Gold",0
"other","2018","editorial","TRUE","Hybrid Gold",0
"TA","2018","editorial","TRUE","Hybrid Gold",0
"YOAF","2018","editorial","TRUE","Hybrid Gold",0
"other","2019","editorial","TRUE","Hybrid Gold",0
"TA","2019","editorial","TRUE","Hybrid Gold",1
"YOAF","2019","editorial","TRUE","Hybrid Gold",0
"other","2020","editorial","TRUE","Hybrid Gold",5
"TA","2020","editorial","TRUE","Hybrid Gold",0
"YOAF","2020","editorial","TRUE","Hybrid Gold",0
"other","2021","editorial","TRUE","Hybrid Gold",0
"TA","2021","editorial","TRUE","Hybrid Gold",1
"YOAF","2021","editorial","TRUE","Hybrid Gold",0
"other","2022","editorial","TRUE","Hybrid Gold",2
"TA","2022","editorial","TRUE","Hybrid Gold",0
"YOAF","2022","editorial","TRUE","Hybrid Gold",0
"other","2017","letter","TRUE","Hybrid Gold",0
"TA","2017","letter","TRUE","Hybrid Gold",0
"YOAF","2017","letter","TRUE","Hybrid Gold",0
"other","2018","letter","TRUE","Hybrid Gold",1
"TA","2018","letter","TRUE","Hybrid Gold",0
"YOAF","2018","letter","TRUE","Hybrid Gold",0
"other","2019","letter","TRUE","Hybrid Gold",0
"TA","2019","letter","TRUE","Hybrid Gold",0
"YOAF","2019","letter","TRUE","Hybrid Gold",0
"other","2020","letter","TRUE","Hybrid Gold",0
"TA","2020","letter","TRUE","Hybrid Gold",2
"YOAF","2020","letter","TRUE","Hybrid Gold",1
"other","2021","letter","TRUE","Hybrid Gold",0
"TA","2021","letter","TRUE","Hybrid Gold",2
"YOAF","2021","letter","TRUE","Hybrid Gold",0
"other","2022","letter","TRUE","Hybrid Gold",0
"TA","2022","letter","TRUE","Hybrid Gold",0
"YOAF","2022","letter","TRUE","Hybrid Gold",0
"other","2017","note","TRUE","Hybrid Gold",1
"TA","2017","note","TRUE","Hybrid Gold",0
"YOAF","2017","note","TRUE","Hybrid Gold",0
"other","2018","note","TRUE","Hybrid Gold",0
"TA","2018","note","TRUE","Hybrid Gold",0
"YOAF","2018","note","TRUE","Hybrid Gold",2
"other","2019","note","TRUE","Hybrid Gold",1
"TA","2019","note","TRUE","Hybrid Gold",0
"YOAF","2019","note","TRUE","Hybrid Gold",0
"other","2020","note","TRUE","Hybrid Gold",0
"TA","2020","note","TRUE","Hybrid Gold",1
"YOAF","2020","note","TRUE","Hybrid Gold",0
"other","2021","note","TRUE","Hybrid Gold",0
"TA","2021","note","TRUE","Hybrid Gold",4
"YOAF","2021","note","TRUE","Hybrid Gold",0
"other","2022","note","TRUE","Hybrid Gold",0
"TA","2022","note","TRUE","Hybrid Gold",3
"YOAF","2022","note","TRUE","Hybrid Gold",0
"other","2017","review","TRUE","Hybrid Gold",10
"TA","2017","review","TRUE","Hybrid Gold",5
"YOAF","2017","review","TRUE","Hybrid Gold",7
"other","2018","review","TRUE","Hybrid Gold",8
"TA","2018","review","TRUE","Hybrid Gold",1
"YOAF","2018","review","TRUE","Hybrid Gold",10
"other","2019","review","TRUE","Hybrid Gold",6
"TA","2019","review","TRUE","Hybrid Gold",4
"YOAF","2019","review","TRUE","Hybrid Gold",2
"other","2020","review","TRUE","Hybrid Gold",8
"TA","2020","review","TRUE","Hybrid Gold",10
"YOAF","2020","review","TRUE","Hybrid Gold",4
"other","2021","review","TRUE","Hybrid Gold",7
"TA","2021","review","TRUE","Hybrid Gold",31
"YOAF","2021","review","TRUE","Hybrid Gold",5
"other","2022","review","TRUE","Hybrid Gold",13
"TA","2022","review","TRUE","Hybrid Gold",33
"YOAF","2022","review","TRUE","Hybrid Gold",0
"other","2017","short survey","TRUE","Hybrid Gold",0
"TA","2017","short survey","TRUE","Hybrid Gold",0
"YOAF","2017","short survey","TRUE","Hybrid Gold",1
"other","2018","short survey","TRUE","Hybrid Gold",0
"TA","2018","short survey","TRUE","Hybrid Gold",0
"YOAF","2018","short survey","TRUE","Hybrid Gold",0
"other","2019","short survey","TRUE","Hybrid Gold",0
"TA","2019","short survey","TRUE","Hybrid Gold",0
"YOAF","2019","short survey","TRUE","Hybrid Gold",0
"other","2020","short survey","TRUE","Hybrid Gold",0
"TA","2020","short survey","TRUE","Hybrid Gold",0
"YOAF","2020","short survey","TRUE","Hybrid Gold",0
"other","2021","short survey","TRUE","Hybrid Gold",0
"TA","2021","short survey","TRUE","Hybrid Gold",0
"YOAF","2021","short survey","TRUE","Hybrid Gold",1
"other","2022","short survey","TRUE","Hybrid Gold",0
"TA","2022","short survey","TRUE","Hybrid Gold",1
"YOAF","2022","short survey","TRUE","Hybrid Gold",0
"other","2017","article","FALSE","Not Open Access",160
"TA","2017","article","FALSE","Not Open Access",0
"YOAF","2017","article","FALSE","Not Open Access",0
"other","2018","article","FALSE","Not Open Access",181
"TA","2018","article","FALSE","Not Open Access",0
"YOAF","2018","article","FALSE","Not Open Access",0
"other","2019","article","FALSE","Not Open Access",211
"TA","2019","article","FALSE","Not Open Access",0
"YOAF","2019","article","FALSE","Not Open Access",0
"other","2020","article","FALSE","Not Open Access",224
"TA","2020","article","FALSE","Not Open Access",0
"YOAF","2020","article","FALSE","Not Open Access",0
"other","2021","article","FALSE","Not Open Access",219
"TA","2021","article","FALSE","Not Open Access",0
"YOAF","2021","article","FALSE","Not Open Access",0
"other","2022","article","FALSE","Not Open Access",284
"TA","2022","article","FALSE","Not Open Access",0
"YOAF","2022","article","FALSE","Not Open Access",0
"other","2017","book","FALSE","Not Open Access",47
"TA","2017","book","FALSE","Not Open Access",0
"YOAF","2017","book","FALSE","Not Open Access",0
"other","2018","book","FALSE","Not Open Access",36
"TA","2018","book","FALSE","Not Open Access",0
"YOAF","2018","book","FALSE","Not Open Access",0
"other","2019","book","FALSE","Not Open Access",22
"TA","2019","book","FALSE","Not Open Access",0
"YOAF","2019","book","FALSE","Not Open Access",0
"other","2020","book","FALSE","Not Open Access",20
"TA","2020","book","FALSE","Not Open Access",0
"YOAF","2020","book","FALSE","Not Open Access",0
"other","2021","book","FALSE","Not Open Access",19
"TA","2021","book","FALSE","Not Open Access",0
"YOAF","2021","book","FALSE","Not Open Access",0
"other","2022","book","FALSE","Not Open Access",22
"TA","2022","book","FALSE","Not Open Access",0
"YOAF","2022","book","FALSE","Not Open Access",0
"other","2017","book chapter","FALSE","Not Open Access",275
"TA","2017","book chapter","FALSE","Not Open Access",0
"YOAF","2017","book chapter","FALSE","Not Open Access",0
"other","2018","book chapter","FALSE","Not Open Access",236
"TA","2018","book chapter","FALSE","Not Open Access",0
"YOAF","2018","book chapter","FALSE","Not Open Access",0
"other","2019","book chapter","FALSE","Not Open Access",152
"TA","2019","book chapter","FALSE","Not Open Access",0
"YOAF","2019","book chapter","FALSE","Not Open Access",0
"other","2020","book chapter","FALSE","Not Open Access",133
"TA","2020","book chapter","FALSE","Not Open Access",0
"YOAF","2020","book chapter","FALSE","Not Open Access",0
"other","2021","book chapter","FALSE","Not Open Access",171
"TA","2021","book chapter","FALSE","Not Open Access",0
"YOAF","2021","book chapter","FALSE","Not Open Access",0
"other","2022","book chapter","FALSE","Not Open Access",124
"TA","2022","book chapter","FALSE","Not Open Access",0
"YOAF","2022","book chapter","FALSE","Not Open Access",0
"other","2017","conference paper","FALSE","Not Open Access",143
"TA","2017","conference paper","FALSE","Not Open Access",0
"YOAF","2017","conference paper","FALSE","Not Open Access",0
"other","2018","conference paper","FALSE","Not Open Access",110
"TA","2018","conference paper","FALSE","Not Open Access",0
"YOAF","2018","conference paper","FALSE","Not Open Access",0
"other","2019","conference paper","FALSE","Not Open Access",127
"TA","2019","conference paper","FALSE","Not Open Access",0
"YOAF","2019","conference paper","FALSE","Not Open Access",0
"other","2020","conference paper","FALSE","Not Open Access",99
"TA","2020","conference paper","FALSE","Not Open Access",0
"YOAF","2020","conference paper","FALSE","Not Open Access",0
"other","2021","conference paper","FALSE","Not Open Access",107
"TA","2021","conference paper","FALSE","Not Open Access",0
"YOAF","2021","conference paper","FALSE","Not Open Access",0
"other","2022","conference paper","FALSE","Not Open Access",93
"TA","2022","conference paper","FALSE","Not Open Access",0
"YOAF","2022","conference paper","FALSE","Not Open Access",0
"other","2017","data paper","FALSE","Not Open Access",0
"TA","2017","data paper","FALSE","Not Open Access",0
"YOAF","2017","data paper","FALSE","Not Open Access",0
"other","2018","data paper","FALSE","Not Open Access",0
"TA","2018","data paper","FALSE","Not Open Access",0
"YOAF","2018","data paper","FALSE","Not Open Access",0
"other","2019","data paper","FALSE","Not Open Access",0
"TA","2019","data paper","FALSE","Not Open Access",0
"YOAF","2019","data paper","FALSE","Not Open Access",0
"other","2020","data paper","FALSE","Not Open Access",0
"TA","2020","data paper","FALSE","Not Open Access",0
"YOAF","2020","data paper","FALSE","Not Open Access",0
"other","2021","data paper","FALSE","Not Open Access",0
"TA","2021","data paper","FALSE","Not Open Access",0
"YOAF","2021","data paper","FALSE","Not Open Access",0
"other","2022","data paper","FALSE","Not Open Access",0
"TA","2022","data paper","FALSE","Not Open Access",0
"YOAF","2022","data paper","FALSE","Not Open Access",0
"other","2017","editorial","FALSE","Not Open Access",42
"TA","2017","editorial","FALSE","Not Open Access",0
"YOAF","2017","editorial","FALSE","Not Open Access",0
"other","2018","editorial","FALSE","Not Open Access",45
"TA","2018","editorial","FALSE","Not Open Access",0
"YOAF","2018","editorial","FALSE","Not Open Access",0
"other","2019","editorial","FALSE","Not Open Access",38
"TA","2019","editorial","FALSE","Not Open Access",0
"YOAF","2019","editorial","FALSE","Not Open Access",0
"other","2020","editorial","FALSE","Not Open Access",31
"TA","2020","editorial","FALSE","Not Open Access",0
"YOAF","2020","editorial","FALSE","Not Open Access",0
"other","2021","editorial","FALSE","Not Open Access",35
"TA","2021","editorial","FALSE","Not Open Access",0
"YOAF","2021","editorial","FALSE","Not Open Access",0
"other","2022","editorial","FALSE","Not Open Access",32
"TA","2022","editorial","FALSE","Not Open Access",0
"YOAF","2022","editorial","FALSE","Not Open Access",0
"other","2017","letter","FALSE","Not Open Access",17
"TA","2017","letter","FALSE","Not Open Access",0
"YOAF","2017","letter","FALSE","Not Open Access",0
"other","2018","letter","FALSE","Not Open Access",14
"TA","2018","letter","FALSE","Not Open Access",0
"YOAF","2018","letter","FALSE","Not Open Access",0
"other","2019","letter","FALSE","Not Open Access",12
"TA","2019","letter","FALSE","Not Open Access",0
"YOAF","2019","letter","FALSE","Not Open Access",0
"other","2020","letter","FALSE","Not Open Access",9
"TA","2020","letter","FALSE","Not Open Access",0
"YOAF","2020","letter","FALSE","Not Open Access",0
"other","2021","letter","FALSE","Not Open Access",10
"TA","2021","letter","FALSE","Not Open Access",0
"YOAF","2021","letter","FALSE","Not Open Access",0
"other","2022","letter","FALSE","Not Open Access",7
"TA","2022","letter","FALSE","Not Open Access",0
"YOAF","2022","letter","FALSE","Not Open Access",0
"other","2017","note","FALSE","Not Open Access",8
"TA","2017","note","FALSE","Not Open Access",0
"YOAF","2017","note","FALSE","Not Open Access",0
"other","2018","note","FALSE","Not Open Access",10
"TA","2018","note","FALSE","Not Open Access",0
"YOAF","2018","note","FALSE","Not Open Access",0
"other","2019","note","FALSE","Not Open Access",13
"TA","2019","note","FALSE","Not Open Access",0
"YOAF","2019","note","FALSE","Not Open Access",0
"other","2020","note","FALSE","Not Open Access",8
"TA","2020","note","FALSE","Not Open Access",0
"YOAF","2020","note","FALSE","Not Open Access",0
"other","2021","note","FALSE","Not Open Access",21
"TA","2021","note","FALSE","Not Open Access",0
"YOAF","2021","note","FALSE","Not Open Access",0
"other","2022","note","FALSE","Not Open Access",16
"TA","2022","note","FALSE","Not Open Access",0
"YOAF","2022","note","FALSE","Not Open Access",0
"other","2017","review","FALSE","Not Open Access",37
"TA","2017","review","FALSE","Not Open Access",0
"YOAF","2017","review","FALSE","Not Open Access",0
"other","2018","review","FALSE","Not Open Access",25
"TA","2018","review","FALSE","Not Open Access",0
"YOAF","2018","review","FALSE","Not Open Access",0
"other","2019","review","FALSE","Not Open Access",36
"TA","2019","review","FALSE","Not Open Access",0
"YOAF","2019","review","FALSE","Not Open Access",0
"other","2020","review","FALSE","Not Open Access",37
"TA","2020","review","FALSE","Not Open Access",0
"YOAF","2020","review","FALSE","Not Open Access",0
"other","2021","review","FALSE","Not Open Access",33
"TA","2021","review","FALSE","Not Open Access",0
"YOAF","2021","review","FALSE","Not Open Access",0
"other","2022","review","FALSE","Not Open Access",56
"TA","2022","review","FALSE","Not Open Access",0
"YOAF","2022","review","FALSE","Not Open Access",0
"other","2017","short survey","FALSE","Not Open Access",2
"TA","2017","short survey","FALSE","Not Open Access",0
"YOAF","2017","short survey","FALSE","Not Open Access",0
"other","2018","short survey","FALSE","Not Open Access",2
"TA","2018","short survey","FALSE","Not Open Access",0
"YOAF","2018","short survey","FALSE","Not Open Access",0
"other","2019","short survey","FALSE","Not Open Access",0
"TA","2019","short survey","FALSE","Not Open Access",0
"YOAF","2019","short survey","FALSE","Not Open Access",0
"other","2020","short survey","FALSE","Not Open Access",0
"TA","2020","short survey","FALSE","Not Open Access",0
"YOAF","2020","short survey","FALSE","Not Open Access",0
"other","2021","short survey","FALSE","Not Open Access",0
"TA","2021","short survey","FALSE","Not Open Access",0
"YOAF","2021","short survey","FALSE","Not Open Access",0
"other","2022","short survey","FALSE","Not Open Access",0
"TA","2022","short survey","FALSE","Not Open Access",0
"YOAF","2022","short survey","FALSE","Not Open Access",0
"other","2017","article","TRUE","Not Open Access",100
"TA","2017","article","TRUE","Not Open Access",0
"YOAF","2017","article","TRUE","Not Open Access",0
"other","2018","article","TRUE","Not Open Access",99
"TA","2018","article","TRUE","Not Open Access",0
"YOAF","2018","article","TRUE","Not Open Access",0
"other","2019","article","TRUE","Not Open Access",110
"TA","2019","article","TRUE","Not Open Access",0
"YOAF","2019","article","TRUE","Not Open Access",0
"other","2020","article","TRUE","Not Open Access",119
"TA","2020","article","TRUE","Not Open Access",0
"YOAF","2020","article","TRUE","Not Open Access",0
"other","2021","article","TRUE","Not Open Access",104
"TA","2021","article","TRUE","Not Open Access",0
"YOAF","2021","article","TRUE","Not Open Access",0
"other","2022","article","TRUE","Not Open Access",133
"TA","2022","article","TRUE","Not Open Access",0
"YOAF","2022","article","TRUE","Not Open Access",0
"other","2017","book","TRUE","Not Open Access",1
"TA","2017","book","TRUE","Not Open Access",0
"YOAF","2017","book","TRUE","Not Open Access",0
"other","2018","book","TRUE","Not Open Access",2
"TA","2018","book","TRUE","Not Open Access",0
"YOAF","2018","book","TRUE","Not Open Access",0
"other","2019","book","TRUE","Not Open Access",1
"TA","2019","book","TRUE","Not Open Access",0
"YOAF","2019","book","TRUE","Not Open Access",0
"other","2020","book","TRUE","Not Open Access",2
"TA","2020","book","TRUE","Not Open Access",0
"YOAF","2020","book","TRUE","Not Open Access",0
"other","2021","book","TRUE","Not Open Access",0
"TA","2021","book","TRUE","Not Open Access",0
"YOAF","2021","book","TRUE","Not Open Access",0
"other","2022","book","TRUE","Not Open Access",0
"TA","2022","book","TRUE","Not Open Access",0
"YOAF","2022","book","TRUE","Not Open Access",0
"other","2017","book chapter","TRUE","Not Open Access",46
"TA","2017","book chapter","TRUE","Not Open Access",0
"YOAF","2017","book chapter","TRUE","Not Open Access",0
"other","2018","book chapter","TRUE","Not Open Access",67
"TA","2018","book chapter","TRUE","Not Open Access",0
"YOAF","2018","book chapter","TRUE","Not Open Access",0
"other","2019","book chapter","TRUE","Not Open Access",34
"TA","2019","book chapter","TRUE","Not Open Access",0
"YOAF","2019","book chapter","TRUE","Not Open Access",0
"other","2020","book chapter","TRUE","Not Open Access",54
"TA","2020","book chapter","TRUE","Not Open Access",0
"YOAF","2020","book chapter","TRUE","Not Open Access",0
"other","2021","book chapter","TRUE","Not Open Access",30
"TA","2021","book chapter","TRUE","Not Open Access",0
"YOAF","2021","book chapter","TRUE","Not Open Access",0
"other","2022","book chapter","TRUE","Not Open Access",46
"TA","2022","book chapter","TRUE","Not Open Access",0
"YOAF","2022","book chapter","TRUE","Not Open Access",0
"other","2017","conference paper","TRUE","Not Open Access",43
"TA","2017","conference paper","TRUE","Not Open Access",0
"YOAF","2017","conference paper","TRUE","Not Open Access",0
"other","2018","conference paper","TRUE","Not Open Access",47
"TA","2018","conference paper","TRUE","Not Open Access",0
"YOAF","2018","conference paper","TRUE","Not Open Access",0
"other","2019","conference paper","TRUE","Not Open Access",34
"TA","2019","conference paper","TRUE","Not Open Access",0
"YOAF","2019","conference paper","TRUE","Not Open Access",0
"other","2020","conference paper","TRUE","Not Open Access",31
"TA","2020","conference paper","TRUE","Not Open Access",0
"YOAF","2020","conference paper","TRUE","Not Open Access",0
"other","2021","conference paper","TRUE","Not Open Access",27
"TA","2021","conference paper","TRUE","Not Open Access",0
"YOAF","2021","conference paper","TRUE","Not Open Access",0
"other","2022","conference paper","TRUE","Not Open Access",40
"TA","2022","conference paper","TRUE","Not Open Access",0
"YOAF","2022","conference paper","TRUE","Not Open Access",0
"other","2017","data paper","TRUE","Not Open Access",0
"TA","2017","data paper","TRUE","Not Open Access",0
"YOAF","2017","data paper","TRUE","Not Open Access",0
"other","2018","data paper","TRUE","Not Open Access",0
"TA","2018","data paper","TRUE","Not Open Access",0
"YOAF","2018","data paper","TRUE","Not Open Access",0
"other","2019","data paper","TRUE","Not Open Access",0
"TA","2019","data paper","TRUE","Not Open Access",0
"YOAF","2019","data paper","TRUE","Not Open Access",0
"other","2020","data paper","TRUE","Not Open Access",0
"TA","2020","data paper","TRUE","Not Open Access",0
"YOAF","2020","data paper","TRUE","Not Open Access",0
"other","2021","data paper","TRUE","Not Open Access",0
"TA","2021","data paper","TRUE","Not Open Access",0
"YOAF","2021","data paper","TRUE","Not Open Access",0
"other","2022","data paper","TRUE","Not Open Access",0
"TA","2022","data paper","TRUE","Not Open Access",0
"YOAF","2022","data paper","TRUE","Not Open Access",0
"other","2017","editorial","TRUE","Not Open Access",17
"TA","2017","editorial","TRUE","Not Open Access",0
"YOAF","2017","editorial","TRUE","Not Open Access",0
"other","2018","editorial","TRUE","Not Open Access",7
"TA","2018","editorial","TRUE","Not Open Access",0
"YOAF","2018","editorial","TRUE","Not Open Access",0
"other","2019","editorial","TRUE","Not Open Access",9
"TA","2019","editorial","TRUE","Not Open Access",0
"YOAF","2019","editorial","TRUE","Not Open Access",0
"other","2020","editorial","TRUE","Not Open Access",18
"TA","2020","editorial","TRUE","Not Open Access",0
"YOAF","2020","editorial","TRUE","Not Open Access",0
"other","2021","editorial","TRUE","Not Open Access",11
"TA","2021","editorial","TRUE","Not Open Access",0
"YOAF","2021","editorial","TRUE","Not Open Access",0
"other","2022","editorial","TRUE","Not Open Access",17
"TA","2022","editorial","TRUE","Not Open Access",0
"YOAF","2022","editorial","TRUE","Not Open Access",0
"other","2017","letter","TRUE","Not Open Access",8
"TA","2017","letter","TRUE","Not Open Access",0
"YOAF","2017","letter","TRUE","Not Open Access",0
"other","2018","letter","TRUE","Not Open Access",5
"TA","2018","letter","TRUE","Not Open Access",0
"YOAF","2018","letter","TRUE","Not Open Access",0
"other","2019","letter","TRUE","Not Open Access",5
"TA","2019","letter","TRUE","Not Open Access",0
"YOAF","2019","letter","TRUE","Not Open Access",0
"other","2020","letter","TRUE","Not Open Access",13
"TA","2020","letter","TRUE","Not Open Access",0
"YOAF","2020","letter","TRUE","Not Open Access",0
"other","2021","letter","TRUE","Not Open Access",4
"TA","2021","letter","TRUE","Not Open Access",0
"YOAF","2021","letter","TRUE","Not Open Access",0
"other","2022","letter","TRUE","Not Open Access",4
"TA","2022","letter","TRUE","Not Open Access",0
"YOAF","2022","letter","TRUE","Not Open Access",0
"other","2017","note","TRUE","Not Open Access",16
"TA","2017","note","TRUE","Not Open Access",0
"YOAF","2017","note","TRUE","Not Open Access",0
"other","2018","note","TRUE","Not Open Access",16
"TA","2018","note","TRUE","Not Open Access",0
"YOAF","2018","note","TRUE","Not Open Access",0
"other","2019","note","TRUE","Not Open Access",23
"TA","2019","note","TRUE","Not Open Access",0
"YOAF","2019","note","TRUE","Not Open Access",0
"other","2020","note","TRUE","Not Open Access",18
"TA","2020","note","TRUE","Not Open Access",0
"YOAF","2020","note","TRUE","Not Open Access",0
"other","2021","note","TRUE","Not Open Access",22
"TA","2021","note","TRUE","Not Open Access",0
"YOAF","2021","note","TRUE","Not Open Access",0
"other","2022","note","TRUE","Not Open Access",19
"TA","2022","note","TRUE","Not Open Access",0
"YOAF","2022","note","TRUE","Not Open Access",0
"other","2017","review","TRUE","Not Open Access",15
"TA","2017","review","TRUE","Not Open Access",0
"YOAF","2017","review","TRUE","Not Open Access",0
"other","2018","review","TRUE","Not Open Access",23
"TA","2018","review","TRUE","Not Open Access",0
"YOAF","2018","review","TRUE","Not Open Access",0
"other","2019","review","TRUE","Not Open Access",17
"TA","2019","review","TRUE","Not Open Access",0
"YOAF","2019","review","TRUE","Not Open Access",0
"other","2020","review","TRUE","Not Open Access",21
"TA","2020","review","TRUE","Not Open Access",0
"YOAF","2020","review","TRUE","Not Open Access",0
"other","2021","review","TRUE","Not Open Access",13
"TA","2021","review","TRUE","Not Open Access",0
"YOAF","2021","review","TRUE","Not Open Access",0
"other","2022","review","TRUE","Not Open Access",17
"TA","2022","review","TRUE","Not Open Access",0
"YOAF","2022","review","TRUE","Not Open Access",0
"other","2017","short survey","TRUE","Not Open Access",2
"TA","2017","short survey","TRUE","Not Open Access",0
"YOAF","2017","short survey","TRUE","Not Open Access",0
"other","2018","short survey","TRUE","Not Open Access",2
"TA","2018","short survey","TRUE","Not Open Access",0
"YOAF","2018","short survey","TRUE","Not Open Access",0
"other","2019","short survey","TRUE","Not Open Access",0
"TA","2019","short survey","TRUE","Not Open Access",0
"YOAF","2019","short survey","TRUE","Not Open Access",0
"other","2020","short survey","TRUE","Not Open Access",0
"TA","2020","short survey","TRUE","Not Open Access",0
"YOAF","2020","short survey","TRUE","Not Open Access",0
"other","2021","short survey","TRUE","Not Open Access",0
"TA","2021","short survey","TRUE","Not Open Access",0
"YOAF","2021","short survey","TRUE","Not Open Access",0
"other","2022","short survey","TRUE","Not Open Access",0
"TA","2022","short survey","TRUE","Not Open Access",0
"YOAF","2022","short survey","TRUE","Not Open Access",0
